Distance,Intercept,Coef1,Coef2,Coef3,Coef4
Easy Km,1092.434780113588,-35.715121797450095,0.6149768822371758,-0.005275901221447586,1.784745398195376e-05
M Km,1146.7572908123238,-41.31826000133316,0.7526729253717729,-0.006688681816460289,2.3133302879624552e-05
T Km,928.9972821864365,-30.080758386255653,0.5146142223848383,-0.004390482586110612,1.4798260200692355e-05
I Km,863.692797478647,-28.306811213456776,0.4899482081919686,-0.004227734940227668,1.4414827972249948e-05
Long Km,1181.6615627920169,-38.428515880953384,0.6801281914897951,-0.0060980030311139485,2.173132594704458e-05
R Km,1086.5098355215596,-47.55539233981372,1.0315098551067432,-0.010665348281376207,4.201819273385817e-05
